year,GEO,naics_name,naics_sector,Job vacancies,Payroll employees,Job vacancy rate
2015,Canada,Accommodation and food services [72],72,57893.33,1233981.11,4.48
2015,Canada,"Administrative and support, waste management and remediation services [56]",56,31360.0,785853.89,3.83
2015,Canada,"Agriculture, forestry, fishing and hunting [11]",11,11148.33,207598.33,5.09
2015,Canada,"Arts, entertainment and recreation [71]",71,8743.33,266237.78,3.19
2015,Canada,Construction [23],23,25353.33,979838.33,2.54
2015,Canada,Educational services [61],61,9346.11,1233691.11,0.76
2015,Canada,Finance and insurance [52],52,17824.38,713227.78,2.44
2015,Canada,Health care and social assistance [62],62,34890.56,1835771.67,1.87
2015,Canada,Information and cultural industries [51],51,9756.11,352921.11,2.68
2015,Canada,Management of companies and enterprises [55],55,1505.0,102167.22,1.46
2015,Canada,Manufacturing [31-33],31-33,30135.56,1500297.22,1.97
2015,Canada,"Mining, quarrying, and oil and gas extraction [21]",21,2138.33,207606.11,1.0
2015,Canada,Other services (except public administration) [81],81,16992.78,547775.56,3.01
2015,Canada,"Professional, scientific and technical services [54]",54,22635.62,855148.89,2.58
2015,Canada,Public administration [91],91,7233.33,483070.56,1.47
2015,Canada,Real estate and rental and leasing [53],53,5458.89,289910.0,1.83
2015,Canada,Retail trade [44-45],44-45,61102.22,1938696.11,3.03
2015,Canada,"Total, all industries",TOTAL,388265.0,15157504.44,2.49
2015,Canada,Transportation and warehousing [48-49],48-49,17297.78,721394.44,2.34
2015,Canada,Utilities [22],22,984.38,115260.0,0.87
2015,Canada,Wholesale trade [41],41,15656.67,787057.22,1.96
2016,Canada,Accommodation and food services [72],72,52387.08,1266456.25,3.99
2016,Canada,"Administrative and support, waste management and remediation services [56]",56,30215.42,790705.0,3.68
2016,Canada,"Agriculture, forestry, fishing and hunting [11]",11,9217.5,211445.42,4.18
2016,Canada,"Arts, entertainment and recreation [71]",71,7494.17,282884.17,2.58
2016,Canada,Construction [23],23,24060.0,969582.08,2.41
2016,Canada,Educational services [61],61,9164.58,1251211.25,0.72
2016,Canada,Finance and insurance [52],52,19252.92,722086.25,2.59
2016,Canada,Health care and social assistance [62],62,38480.0,1900520.83,1.97
2016,Canada,Information and cultural industries [51],51,9052.08,352085.0,2.51
2016,Canada,Management of companies and enterprises [55],55,1465.83,97612.5,1.47
2016,Canada,Manufacturing [31-33],31-33,29517.92,1482934.17,1.94
2016,Canada,"Mining, quarrying, and oil and gas extraction [21]",21,2296.82,188790.0,1.2
2016,Canada,Other services (except public administration) [81],81,16220.83,538003.75,2.93
2016,Canada,"Professional, scientific and technical services [54]",54,23597.5,861829.17,2.66
2016,Canada,Public administration [91],91,6928.75,492366.25,1.38
2016,Canada,Real estate and rental and leasing [53],53,5057.08,293681.67,1.7
2016,Canada,Retail trade [44-45],44-45,53889.17,1951197.92,2.68
2016,Canada,"Total, all industries",TOTAL,370922.5,15275755.42,2.38
2016,Canada,Transportation and warehousing [48-49],48-49,16643.75,726330.0,2.23
2016,Canada,Utilities [22],22,1199.58,118308.33,1.01
2016,Canada,Wholesale trade [41],41,14974.17,777721.67,1.91
2017,Canada,Accommodation and food services [72],72,60552.08,1300154.58,4.45
2017,Canada,"Administrative and support, waste management and remediation services [56]",56,34485.42,806115.0,4.09
2017,Canada,"Agriculture, forestry, fishing and hunting [11]",11,11005.83,216279.58,4.85
2017,Canada,"Arts, entertainment and recreation [71]",71,9965.0,293106.25,3.28
2017,Canada,Construction [23],23,28849.09,996465.42,2.8
2017,Canada,Educational services [61],61,10915.83,1275447.08,0.86
2017,Canada,Finance and insurance [52],52,21925.0,724433.33,2.93
2017,Canada,Health care and social assistance [62],62,45527.5,1948404.17,2.29
2017,Canada,Information and cultural industries [51],51,10712.5,361333.75,2.89
2017,Canada,Management of companies and enterprises [55],55,1611.25,96665.42,1.63
2017,Canada,Manufacturing [31-33],31-33,38390.83,1509342.08,2.48
2017,Canada,"Mining, quarrying, and oil and gas extraction [21]",21,4390.83,198220.0,2.16
2017,Canada,Other services (except public administration) [81],81,19159.58,541937.92,3.41
2017,Canada,"Professional, scientific and technical services [54]",54,27704.58,889081.67,3.03
2017,Canada,Public administration [91],91,7692.08,505411.25,1.5
2017,Canada,Real estate and rental and leasing [53],53,6622.92,295076.25,2.19
2017,Canada,Retail trade [44-45],44-45,57691.67,1965052.92,2.86
2017,Canada,"Total, all industries",TOTAL,442750.0,15560180.83,2.77
2017,Canada,Transportation and warehousing [48-49],48-49,24235.0,737309.17,3.18
2017,Canada,Utilities [22],22,1294.58,119997.92,1.06
2017,Canada,Wholesale trade [41],41,19187.5,780347.92,2.39
2018,Canada,Accommodation and food services [72],72,65992.08,1322494.17,4.74
2018,Canada,"Administrative and support, waste management and remediation services [56]",56,40327.08,818110.0,4.69
2018,Canada,"Agriculture, forestry, fishing and hunting [11]",11,13687.5,220829.58,5.82
2018,Canada,"Arts, entertainment and recreation [71]",71,10976.67,300396.67,3.52
2018,Canada,Construction [23],23,37979.17,1021810.83,3.59
2018,Canada,Educational services [61],61,13349.58,1314365.83,1.01
2018,Canada,Finance and insurance [52],52,24242.5,732513.33,3.22
2018,Canada,Health care and social assistance [62],62,59664.17,2005958.33,2.88
2018,Canada,Information and cultural industries [51],51,13177.5,356987.92,3.55
2018,Canada,Management of companies and enterprises [55],55,1924.17,101281.67,1.86
2018,Canada,Manufacturing [31-33],31-33,48020.83,1550668.75,3.01
2018,Canada,"Mining, quarrying, and oil and gas extraction [21]",21,5065.0,201950.0,2.45
2018,Canada,Other services (except public administration) [81],81,21997.92,548357.08,3.85
2018,Canada,"Professional, scientific and technical services [54]",54,34433.75,927501.67,3.58
2018,Canada,Public administration [91],91,8533.33,509804.17,1.65
2018,Canada,Real estate and rental and leasing [53],53,8168.75,294065.83,2.71
2018,Canada,Retail trade [44-45],44-45,59725.0,1972416.25,2.95
2018,Canada,"Total, all industries",TOTAL,523114.17,15884711.25,3.2
2018,Canada,Transportation and warehousing [48-49],48-49,31117.5,757535.83,3.94
2018,Canada,Utilities [22],22,1692.08,124485.83,1.33
2018,Canada,Wholesale trade [41],41,23039.58,803176.25,2.78
2019,Canada,Accommodation and food services [72],72,68146.25,1344382.08,4.82
2019,Canada,"Administrative and support, waste management and remediation services [56]",56,39523.75,842437.92,4.5
2019,Canada,"Agriculture, forestry, fishing and hunting [11]",11,14402.92,230406.67,5.89
2019,Canada,"Arts, entertainment and recreation [71]",71,10995.83,311818.75,3.4
2019,Canada,Construction [23],23,37291.67,1042079.58,3.46
2019,Canada,Educational services [61],61,14185.0,1350901.67,1.03
2019,Canada,Finance and insurance [52],52,22018.33,747863.33,2.86
2019,Canada,Health care and social assistance [62],62,66583.33,2067662.5,3.12
2019,Canada,Information and cultural industries [51],51,13343.33,355164.17,3.62
2019,Canada,Management of companies and enterprises [55],55,2152.08,108176.25,1.95
2019,Canada,Manufacturing [31-33],31-33,47518.75,1582887.08,2.92
2019,Canada,"Mining, quarrying, and oil and gas extraction [21]",21,3937.08,199796.25,1.93
2019,Canada,Other services (except public administration) [81],81,24337.92,556985.83,4.18
2019,Canada,"Professional, scientific and technical services [54]",54,38440.83,971040.42,3.82
2019,Canada,Public administration [91],91,8870.42,518551.67,1.69
2019,Canada,Real estate and rental and leasing [53],53,7935.42,297606.25,2.62
2019,Canada,Retail trade [44-45],44-45,62376.25,2001006.67,3.02
2019,Canada,"Total, all industries",TOTAL,537770.42,16259781.25,3.21
2019,Canada,Transportation and warehousing [48-49],48-49,30399.58,781629.58,3.72
2019,Canada,Utilities [22],22,1806.67,127421.25,1.4
2019,Canada,Wholesale trade [41],41,23502.92,821962.5,2.77
2020,Canada,Accommodation and food services [72],72,64837.5,1172133.33,5.27
2020,Canada,"Administrative and support, waste management and remediation services [56]",56,41595.83,807700.83,4.92
2020,Canada,"Agriculture, forestry, fishing and hunting [11]",11,13029.17,233909.17,5.28
2020,Canada,"Arts, entertainment and recreation [71]",71,9740.0,268155.0,3.48
2020,Canada,Construction [23],23,42077.5,1029475.83,3.92
2020,Canada,Educational services [61],61,15305.83,1330862.5,1.13
2020,Canada,Finance and insurance [52],52,22826.67,745176.67,2.97
2020,Canada,Health care and social assistance [62],62,90102.5,2087773.33,4.13
2020,Canada,Information and cultural industries [51],51,11685.0,350048.33,3.22
2020,Canada,Management of companies and enterprises [55],55,2452.5,113962.5,2.12
2020,Canada,Manufacturing [31-33],31-33,46580.83,1524931.67,2.98
2020,Canada,"Mining, quarrying, and oil and gas extraction [21]",21,4286.67,192149.17,2.18
2020,Canada,Other services (except public administration) [81],81,23934.17,522400.83,4.37
2020,Canada,"Professional, scientific and technical services [54]",54,40165.83,980688.33,3.93
2020,Canada,Public administration [91],91,9429.17,506994.17,1.82
2020,Canada,Real estate and rental and leasing [53],53,7233.33,271012.5,2.6
2020,Canada,Retail trade [44-45],44-45,70702.5,1961165.83,3.48
2020,Canada,"Total, all industries",TOTAL,568298.33,15798325.0,3.47
2020,Canada,Transportation and warehousing [48-49],48-49,28274.17,774326.67,3.53
2020,Canada,Utilities [22],22,1660.0,125095.83,1.27
2020,Canada,Wholesale trade [41],41,22388.33,800364.17,2.73
2021,Canada,Accommodation and food services [72],72,111173.75,1014506.25,9.57
2021,Canada,"Administrative and support, waste management and remediation services [56]",56,51042.92,794243.33,6.01
2021,Canada,"Agriculture, forestry, fishing and hunting [11]",11,14160.0,239363.33,5.58
2021,Canada,"Arts, entertainment and recreation [71]",71,13339.58,219357.92,5.69
2021,Canada,Construction [23],23,63290.42,1057044.58,5.63
2021,Canada,Educational services [61],61,18004.58,1321300.83,1.35
2021,Canada,Finance and insurance [52],52,29866.25,758953.33,3.78
2021,Canada,Health care and social assistance [62],62,113952.08,2147109.58,5.03
2021,Canada,Information and cultural industries [51],51,15530.0,353439.17,4.18
2021,Canada,Management of companies and enterprises [55],55,3510.0,118205.0,2.85
2021,Canada,Manufacturing [31-33],31-33,70362.08,1510552.92,4.44
2021,Canada,"Mining, quarrying, and oil and gas extraction [21]",21,7140.0,187073.75,3.66
2021,Canada,Other services (except public administration) [81],81,30842.5,494304.17,5.83
2021,Canada,"Professional, scientific and technical services [54]",54,56463.33,1040544.17,5.12
2021,Canada,Public administration [91],91,11897.92,498274.17,2.32
2021,Canada,Real estate and rental and leasing [53],53,8786.25,260079.58,3.24
2021,Canada,Retail trade [44-45],44-45,90657.5,1943960.42,4.45
2021,Canada,"Total, all industries",TOTAL,778230.83,15637659.58,4.73
2021,Canada,Transportation and warehousing [48-49],48-49,36438.33,766053.33,4.52
2021,Canada,Utilities [22],22,1907.73,124262.92,1.5
2021,Canada,Wholesale trade [41],41,29846.25,789028.75,3.63
2022,Canada,Accommodation and food services [72],72,135257.5,1226852.5,9.92
2022,Canada,"Administrative and support, waste management and remediation services [56]",56,56561.25,826802.08,6.4
2022,Canada,"Agriculture, forestry, fishing and hunting [11]",11,14691.67,242585.0,5.7
2022,Canada,"Arts, entertainment and recreation [71]",71,16700.42,282231.67,5.58
2022,Canada,Construction [23],23,79691.25,1125773.75,6.61
2022,Canada,Educational services [61],61,23018.75,1385780.83,1.62
2022,Canada,Finance and insurance [52],52,38639.55,802176.67,4.59
2022,Canada,Health care and social assistance [62],62,141522.92,2221012.08,5.98
2022,Canada,Information and cultural industries [51],51,17537.08,380439.58,4.42
2022,Canada,Management of companies and enterprises [55],55,4332.08,122671.67,3.4
2022,Canada,Manufacturing [31-33],31-33,80650.42,1554481.67,4.94
2022,Canada,"Mining, quarrying, and oil and gas extraction [21]",21,8890.0,202241.67,4.21
2022,Canada,Other services (except public administration) [81],81,38905.83,536602.5,6.76
2022,Canada,"Professional, scientific and technical services [54]",54,66078.75,1157628.33,5.42
2022,Canada,Public administration [91],91,14821.67,527117.92,2.73
2022,Canada,Real estate and rental and leasing [53],53,11947.08,283140.0,4.06
2022,Canada,Retail trade [44-45],44-45,105072.92,2014112.5,4.94
2022,Canada,"Total, all industries",TOTAL,938281.25,16636254.58,5.34
2022,Canada,Transportation and warehousing [48-49],48-49,47116.67,802885.0,5.53
2022,Canada,Utilities [22],22,2700.56,129339.58,2.04
2022,Canada,Wholesale trade [41],41,35247.5,812379.58,4.16
2023,Canada,Accommodation and food services [72],72,95300.42,1303632.08,6.81
2023,Canada,"Administrative and support, waste management and remediation services [56]",56,43174.58,837467.5,4.9
2023,Canada,"Agriculture, forestry, fishing and hunting [11]",11,10899.17,239772.5,4.34
2023,Canada,"Arts, entertainment and recreation [71]",71,13079.17,309757.92,4.06
2023,Canada,Construction [23],23,62610.42,1166840.0,5.09
2023,Canada,Educational services [61],61,23135.42,1426442.92,1.61
2023,Canada,Finance and insurance [52],52,24574.17,835149.58,2.86
2023,Canada,Health care and social assistance [62],62,139400.42,2290862.08,5.73
2023,Canada,Information and cultural industries [51],51,10000.83,367451.67,2.63
2023,Canada,Management of companies and enterprises [55],55,3345.42,124605.42,2.62
2023,Canada,Manufacturing [31-33],31-33,52929.58,1565405.0,3.27
2023,Canada,"Mining, quarrying, and oil and gas extraction [21]",21,7802.08,211480.0,3.56
2023,Canada,Other services (except public administration) [81],81,33735.83,562095.83,5.67
2023,Canada,"Professional, scientific and technical services [54]",54,45515.0,1215342.5,3.62
2023,Canada,Public administration [91],91,14546.25,551176.67,2.57
2023,Canada,Real estate and rental and leasing [53],53,9782.5,290909.17,3.26
2023,Canada,Retail trade [44-45],44-45,76989.58,2024237.92,3.66
2023,Canada,"Total, all industries",TOTAL,736609.17,17116305.83,4.13
2023,Canada,Transportation and warehousing [48-49],48-49,39469.17,837806.67,4.5
2023,Canada,Utilities [22],22,2737.92,133058.33,2.01
2023,Canada,Wholesale trade [41],41,27582.5,822811.67,3.24
2024,Canada,Accommodation and food services [72],72,64033.75,1300107.92,4.68
2024,Canada,"Administrative and support, waste management and remediation services [56]",56,30240.42,824090.83,3.53
2024,Canada,"Agriculture, forestry, fishing and hunting [11]",11,8883.33,241307.5,3.56
2024,Canada,"Arts, entertainment and recreation [71]",71,9405.0,317380.0,2.87
2024,Canada,Construction [23],23,44613.75,1178660.0,3.65
2024,Canada,Educational services [61],61,21126.67,1465371.67,1.42
2024,Canada,Finance and insurance [52],52,20057.5,847183.33,2.31
2024,Canada,Health care and social assistance [62],62,123816.25,2381527.92,4.95
2024,Canada,Information and cultural industries [51],51,7455.83,359252.92,2.02
2024,Canada,Management of companies and enterprises [55],55,2587.08,120738.33,2.1
2024,Canada,Manufacturing [31-33],31-33,36906.25,1562307.92,2.31
2024,Canada,"Mining, quarrying, and oil and gas extraction [21]",21,5476.25,212523.75,2.52
2024,Canada,Other services (except public administration) [81],81,26479.17,574593.33,4.4
2024,Canada,"Professional, scientific and technical services [54]",54,39776.67,1225893.75,3.14
2024,Canada,Public administration [91],91,13805.0,571817.08,2.35
2024,Canada,Real estate and rental and leasing [53],53,7522.5,293443.75,2.5
2024,Canada,Retail trade [44-45],44-45,53816.67,2001297.08,2.62
2024,Canada,"Total, all industries",TOTAL,570713.75,17278505.42,3.2
2024,Canada,Transportation and warehousing [48-49],48-49,30683.33,842760.0,3.52
2024,Canada,Utilities [22],22,2314.55,134720.83,1.68
2024,Canada,Wholesale trade [41],41,21715.83,823527.92,2.55
2025,Canada,Accommodation and food services [72],72,57036.43,1294605.71,4.19
2025,Canada,"Administrative and support, waste management and remediation services [56]",56,27182.86,823485.71,3.2
2025,Canada,"Agriculture, forestry, fishing and hunting [11]",11,7088.57,241305.0,2.86
2025,Canada,"Arts, entertainment and recreation [71]",71,8566.43,324147.86,2.57
2025,Canada,Construction [23],23,39216.43,1180552.14,3.21
2025,Canada,Educational services [61],61,17382.14,1476697.14,1.17
2025,Canada,Finance and insurance [52],52,19385.0,852053.57,2.21
2025,Canada,Health care and social assistance [62],62,102882.14,2442290.71,4.03
2025,Canada,Information and cultural industries [51],51,7195.71,350742.86,2.0
2025,Canada,Management of companies and enterprises [55],55,1980.71,118739.29,1.63
2025,Canada,Manufacturing [31-33],31-33,34655.0,1551278.57,2.19
2025,Canada,"Mining, quarrying, and oil and gas extraction [21]",21,4507.14,216426.43,2.03
2025,Canada,Other services (except public administration) [81],81,24014.29,572487.86,4.03
2025,Canada,"Professional, scientific and technical services [54]",54,37134.29,1229945.71,2.93
2025,Canada,Public administration [91],91,12948.57,587957.14,2.16
2025,Canada,Real estate and rental and leasing [53],53,7208.57,293755.71,2.39
2025,Canada,Retail trade [44-45],44-45,49332.86,1984600.0,2.43
2025,Canada,"Total, all industries",TOTAL,505079.29,17351260.71,2.8
2025,Canada,Transportation and warehousing [48-49],48-49,25334.29,853362.86,2.89
2025,Canada,Utilities [22],22,1928.57,135684.29,1.41
2025,Canada,Wholesale trade [41],41,20097.86,821143.57,2.4
